--------------------------------------------------------
--  파일삭제
--------------------------------------------------------
DROP TABLE IMAGE;
DROP TABLE MATCHING;
DROP TABLE FAQ;
DROP TABLE QNA;
DROP TABLE JIBSA;
DROP TABLE JIBSA_PROFILE;
DROP TABLE ANIMAL;
DROP TABLE MEMBER;

DROP SEQUENCE SEQ_ANI_ID;
DROP SEQUENCE SEQ_B_ID;
DROP SEQUENCE SEQ_IMG_ID;
DROP SEQUENCE SEQ_MAT_ID;
DROP SEQUENCE SEQ_MEM_ID;

--------------------------------------------------------
--  파일이 생성됨 - 일요일-5월-14-2023   
--------------------------------------------------------
--------------------------------------------------------
--  DDL for Sequence SEQ_ANI_ID
--------------------------------------------------------

   CREATE SEQUENCE  "LOCAL_JSNR"."SEQ_ANI_ID"  MINVALUE 1 MAXVALUE 9999999999999999999999999999 INCREMENT BY 1 START WITH 6 NOCACHE  NOORDER  NOCYCLE  NOKEEP  NOSCALE  GLOBAL ;
--------------------------------------------------------
--  DDL for Sequence SEQ_B_ID
--------------------------------------------------------

   CREATE SEQUENCE  "LOCAL_JSNR"."SEQ_B_ID"  MINVALUE 1 MAXVALUE 9999999999999999999999999999 INCREMENT BY 1 START WITH 7 NOCACHE  NOORDER  NOCYCLE  NOKEEP  NOSCALE  GLOBAL ;
--------------------------------------------------------
--  DDL for Sequence SEQ_IMG_ID
--------------------------------------------------------

   CREATE SEQUENCE  "LOCAL_JSNR"."SEQ_IMG_ID"  MINVALUE 1 MAXVALUE 9999999999999999999999999999 INCREMENT BY 1 START WITH 4 NOCACHE  NOORDER  NOCYCLE  NOKEEP  NOSCALE  GLOBAL ;
--------------------------------------------------------
--  DDL for Sequence SEQ_MAT_ID
--------------------------------------------------------

   CREATE SEQUENCE  "LOCAL_JSNR"."SEQ_MAT_ID"  MINVALUE 1 MAXVALUE 9999999999999999999999999999 INCREMENT BY 1 START WITH 4 NOCACHE  NOORDER  NOCYCLE  NOKEEP  NOSCALE  GLOBAL ;
--------------------------------------------------------
--  DDL for Sequence SEQ_MEM_ID
--------------------------------------------------------

   CREATE SEQUENCE  "LOCAL_JSNR"."SEQ_MEM_ID"  MINVALUE 1 MAXVALUE 9999999999999999999999999999 INCREMENT BY 1 START WITH 6 NOCACHE  NOORDER  NOCYCLE  NOKEEP  NOSCALE  GLOBAL ;
--------------------------------------------------------
--  DDL for Table ANIMAL
--------------------------------------------------------

  CREATE TABLE "LOCAL_JSNR"."ANIMAL" 
   (	"ANIMAL_NO" NUMBER, 
	"ANIMAL_NAME" VARCHAR2(20 BYTE), 
	"ANIMAL_GENDER" VARCHAR2(3 CHAR), 
	"ANIMAL_KIND" VARCHAR2(20 BYTE), 
	"ANIMAL_WEIGHT" NUMBER, 
	"ANIMAL_NOTE" VARCHAR2(500 BYTE), 
	"MEMBER_NO" NUMBER, 
	"ANIMAL_TYPE" VARCHAR2(30 BYTE), 
	"ANIMAL_SIZE" VARCHAR2(20 BYTE), 
	"IS_NEUTER" VARCHAR2(20 BYTE), 
	"BIRTH_DATE" VARCHAR2(20 BYTE)
   ) SEGMENT CREATION IMMEDIATE 
  PCTFREE 10 PCTUSED 40 INITRANS 1 MAXTRANS 255 
 NOCOMPRESS LOGGING
  STORAGE(INITIAL 65536 NEXT 1048576 MINEXTENTS 1 MAXEXTENTS 2147483645
  PCTINCREASE 0 FREELISTS 1 FREELIST GROUPS 1
  BUFFER_POOL DEFAULT FLASH_CACHE DEFAULT CELL_FLASH_CACHE DEFAULT)
  TABLESPACE "SYSTEM" ;
--------------------------------------------------------
--  DDL for Table FAQ
--------------------------------------------------------

  CREATE TABLE "LOCAL_JSNR"."FAQ" 
   (	"FAQ_NO" NUMBER, 
    "FAQ_WRITER" NUMBER,
	"FAQ_TITLE" VARCHAR2(100 BYTE), 
	"FAQ_CONTENT" VARCHAR2(2000 BYTE), 
    "FAQ_CREATE_DATE" DATE,
	"FAQ_STATUS" VARCHAR2(1 CHAR) DEFAULT 'N'
   ) SEGMENT CREATION IMMEDIATE 
  PCTFREE 10 PCTUSED 40 INITRANS 1 MAXTRANS 255 
 NOCOMPRESS LOGGING
  STORAGE(INITIAL 65536 NEXT 1048576 MINEXTENTS 1 MAXEXTENTS 2147483645
  PCTINCREASE 0 FREELISTS 1 FREELIST GROUPS 1
  BUFFER_POOL DEFAULT FLASH_CACHE DEFAULT CELL_FLASH_CACHE DEFAULT)
  TABLESPACE "SYSTEM" ;
--------------------------------------------------------
--  DDL for Table IMAGE
--------------------------------------------------------

  CREATE TABLE "LOCAL_JSNR"."IMAGE" 
   (	"IMAGE_NO" NUMBER, 
	"RENAME_NAME" VARCHAR2(30 BYTE), 
	"ORIGINAL_NAME" VARCHAR2(30 BYTE), 
	"IMAGE_LEVEL" NUMBER
   ) SEGMENT CREATION IMMEDIATE 
  PCTFREE 10 PCTUSED 40 INITRANS 1 MAXTRANS 255 
 NOCOMPRESS LOGGING
  STORAGE(INITIAL 65536 NEXT 1048576 MINEXTENTS 1 MAXEXTENTS 2147483645
  PCTINCREASE 0 FREELISTS 1 FREELIST GROUPS 1
  BUFFER_POOL DEFAULT FLASH_CACHE DEFAULT CELL_FLASH_CACHE DEFAULT)
  TABLESPACE "SYSTEM" ;
--------------------------------------------------------
--  DDL for Table JIBSA
--------------------------------------------------------

  CREATE TABLE "LOCAL_JSNR"."JIBSA" 
   (	"MEMBER_NO" NUMBER, 
	"JIBSA_GENDER" VARCHAR2(1 CHAR), 
	"JIBSA_RRN" NUMBER, 
	"IS_SMOKING" VARCHAR2(1 CHAR), 
	"WORK_CAREER" VARCHAR2(300 BYTE), 
	"AVAILABLE_HOUR" VARCHAR2(1000 CHAR), 
	"AVAILABLE_AREA" VARCHAR2(100 BYTE), 
	"MOTIVE" VARCHAR2(1000 BYTE), 
	"EXPECTED_SALARY" NUMBER, 
	"CHAT_ADDRESS" VARCHAR2(50 BYTE), 
	"IS_PRIMIUM" VARCHAR2(1 CHAR) DEFAULT 'N', 
	"PRIMIUM_PAYMENT_DATE" DATE, 
	"PRIMIUM_END_DATE" DATE, 
	"IS_TRAINER" VARCHAR2(1 CHAR) DEFAULT 'N'
   ) SEGMENT CREATION IMMEDIATE 
  PCTFREE 10 PCTUSED 40 INITRANS 1 MAXTRANS 255 
 NOCOMPRESS LOGGING
  STORAGE(INITIAL 65536 NEXT 1048576 MINEXTENTS 1 MAXEXTENTS 2147483645
  PCTINCREASE 0 FREELISTS 1 FREELIST GROUPS 1
  BUFFER_POOL DEFAULT FLASH_CACHE DEFAULT CELL_FLASH_CACHE DEFAULT)
  TABLESPACE "SYSTEM" ;
--------------------------------------------------------
--  DDL for Table JIBSA_PROFILE
--------------------------------------------------------

  CREATE TABLE "LOCAL_JSNR"."JIBSA_PROFILE" 
   (	"MEMBER_NO" NUMBER, 
	"JIBSA_NAME" VARCHAR2(20 BYTE), 
	"PROFILE_TITLE" VARCHAR2(50 BYTE), 
	"PROFILE_TAG" VARCHAR2(100 BYTE), 
	"JIBSA_AVG_RATING" NUMBER
   ) SEGMENT CREATION IMMEDIATE 
  PCTFREE 10 PCTUSED 40 INITRANS 1 MAXTRANS 255 
 NOCOMPRESS LOGGING
  STORAGE(INITIAL 65536 NEXT 1048576 MINEXTENTS 1 MAXEXTENTS 2147483645
  PCTINCREASE 0 FREELISTS 1 FREELIST GROUPS 1
  BUFFER_POOL DEFAULT FLASH_CACHE DEFAULT CELL_FLASH_CACHE DEFAULT)
  TABLESPACE "SYSTEM" ;
--------------------------------------------------------
--  DDL for Table MATCHING
--------------------------------------------------------

  CREATE TABLE "LOCAL_JSNR"."MATCHING" 
   (	"MATCHING_NO" NUMBER, 
	"ANIMAL_NO" NUMBER, 
	"MEMBER_NO" NUMBER, 
	"START_DATE" VARCHAR2(20), 
	"END_DATE" VARCHAR2(20), 
	"MATCHING_PLACE" VARCHAR2(50 BYTE), 
	"REVIEW_CONTENT" VARCHAR2(1000 BYTE), 
	"REVIEW_RATING" NUMBER DEFAULT '0', 
	"REVIEW_COUNT" NUMBER DEFAULT '0', 
	"JIBSA_COMMENT" VARCHAR2(1000 BYTE),
    "MATCHING_STATUS" VARCHAR2(1CHAR) DEFAULT 'Y',
    "REVIEW_STATUS" VARCHAR2(1CHAR) DEFAULT 'Y'
   ) SEGMENT CREATION IMMEDIATE 
  PCTFREE 10 PCTUSED 40 INITRANS 1 MAXTRANS 255 
 NOCOMPRESS LOGGING
  STORAGE(INITIAL 65536 NEXT 1048576 MINEXTENTS 1 MAXEXTENTS 2147483645
  PCTINCREASE 0 FREELISTS 1 FREELIST GROUPS 1
  BUFFER_POOL DEFAULT FLASH_CACHE DEFAULT CELL_FLASH_CACHE DEFAULT)
  TABLESPACE "SYSTEM" ;
--------------------------------------------------------
--  DDL for Table MEMBER
--------------------------------------------------------

  CREATE TABLE "LOCAL_JSNR"."MEMBER" 
   (	"MEMBER_NO" NUMBER, 
	"MEMBER_ID" VARCHAR2(20 BYTE), 
	"MEMBER_PWD" VARCHAR2(100 BYTE), 
	"MEMBER_NAME" VARCHAR2(20 BYTE), 
	"MEMBER_EMAIL" VARCHAR2(50 BYTE), 
	"IS_ADMIN" VARCHAR2(1 CHAR) DEFAULT 'N', 
	"IS_JIBSA" VARCHAR2(1 CHAR) DEFAULT 'N', 
	"MEMBER_STATUS" VARCHAR2(1 CHAR) DEFAULT 'Y', 
    "ENROLL_DATE" DATE,
	"EXIT_DATE" DATE, 
	"BLACKLIST" NUMBER DEFAULT '0', 
	"MEMBER_PHONE" VARCHAR2(20 BYTE), 
	"MEMBER_ADDRESS" VARCHAR2(30 BYTE)
   ) SEGMENT CREATION IMMEDIATE 
  PCTFREE 10 PCTUSED 40 INITRANS 1 MAXTRANS 255 
 NOCOMPRESS LOGGING
  STORAGE(INITIAL 65536 NEXT 1048576 MINEXTENTS 1 MAXEXTENTS 2147483645
  PCTINCREASE 0 FREELISTS 1 FREELIST GROUPS 1
  BUFFER_POOL DEFAULT FLASH_CACHE DEFAULT CELL_FLASH_CACHE DEFAULT)
  TABLESPACE "SYSTEM" ;
--------------------------------------------------------
--  DDL for Table QNA
--------------------------------------------------------

  CREATE TABLE "LOCAL_JSNR"."QNA" 
   (	"QNA_NO" NUMBER, 
	"MEMBER_NO" NUMBER, 
	"QNA_CATEGORY" VARCHAR2(10 BYTE), 
	"QNA_TITLE" VARCHAR2(100 BYTE), 
	"QNA_CONTENT" VARCHAR2(2000 BYTE), 
	"QUESTION_DATE" DATE DEFAULT SYSDATE, 
	"QNA_ANSWER" VARCHAR2(2000 BYTE), 
	"ANSWER_DATE" DATE, 
	"QNA_STATUS" VARCHAR2(1 CHAR) DEFAULT 'Y'
   ) SEGMENT CREATION IMMEDIATE 
  PCTFREE 10 PCTUSED 40 INITRANS 1 MAXTRANS 255 
 NOCOMPRESS LOGGING
  STORAGE(INITIAL 65536 NEXT 1048576 MINEXTENTS 1 MAXEXTENTS 2147483645
  PCTINCREASE 0 FREELISTS 1 FREELIST GROUPS 1
  BUFFER_POOL DEFAULT FLASH_CACHE DEFAULT CELL_FLASH_CACHE DEFAULT)
  TABLESPACE "SYSTEM" ;
REM INSERTING into LOCAL_JSNR.ANIMAL
SET DEFINE OFF;
Insert into LOCAL_JSNR.ANIMAL (ANIMAL_NO,ANIMAL_NAME,ANIMAL_GENDER,ANIMAL_KIND,ANIMAL_WEIGHT,ANIMAL_NOTE,MEMBER_NO,ANIMAL_TYPE,ANIMAL_SIZE,IS_NEUTER,BIRTH_DATE) values (1,'명이','M','DOG',12,'헛짖음이 심함',1,'푸들','small','Y','10/01/23');
Insert into LOCAL_JSNR.ANIMAL (ANIMAL_NO,ANIMAL_NAME,ANIMAL_GENDER,ANIMAL_KIND,ANIMAL_WEIGHT,ANIMAL_NOTE,MEMBER_NO,ANIMAL_TYPE,ANIMAL_SIZE,IS_NEUTER,BIRTH_DATE) values (2,'탄이짱','F','CAT',12,'너무 귀여움',2,',,코리안 롱헤어,,','medium','Y','2023-05-04');
Insert into LOCAL_JSNR.ANIMAL (ANIMAL_NO,ANIMAL_NAME,ANIMAL_GENDER,ANIMAL_KIND,ANIMAL_WEIGHT,ANIMAL_NOTE,MEMBER_NO,ANIMAL_TYPE,ANIMAL_SIZE,IS_NEUTER,BIRTH_DATE) values (3,'겸이','F','CAT',12,'헛짖음이 심함+2',7,'샴','small','Y','10/01/23');
Insert into LOCAL_JSNR.ANIMAL (ANIMAL_NO,ANIMAL_NAME,ANIMAL_GENDER,ANIMAL_KIND,ANIMAL_WEIGHT,ANIMAL_NOTE,MEMBER_NO,ANIMAL_TYPE,ANIMAL_SIZE,IS_NEUTER,BIRTH_DATE) values (4,'미돌이','F','DOG',12,'헛짖음이 심함',4,'믹스','medium','Y','10/01/23');
Insert into LOCAL_JSNR.ANIMAL (ANIMAL_NO,ANIMAL_NAME,ANIMAL_GENDER,ANIMAL_KIND,ANIMAL_WEIGHT,ANIMAL_NOTE,MEMBER_NO,ANIMAL_TYPE,ANIMAL_SIZE,IS_NEUTER,BIRTH_DATE) values (5,'준이','M','DOG',12,'헛짖음이 심함',3,'말티즈','small','Y','10/01/23');
Insert into LOCAL_JSNR.ANIMAL (ANIMAL_NO,ANIMAL_NAME,ANIMAL_GENDER,ANIMAL_KIND,ANIMAL_WEIGHT,ANIMAL_NOTE,MEMBER_NO,ANIMAL_TYPE,ANIMAL_SIZE,IS_NEUTER,BIRTH_DATE) values (6,'겸둥이','F','CAT',12,'헛짖음이 심함+2',8,'믹스','small','N','10/01/23');
Insert into LOCAL_JSNR.ANIMAL (ANIMAL_NO,ANIMAL_NAME,ANIMAL_GENDER,ANIMAL_KIND,ANIMAL_WEIGHT,ANIMAL_NOTE,MEMBER_NO,ANIMAL_TYPE,ANIMAL_SIZE,IS_NEUTER,BIRTH_DATE) values (7,'샴이','F','CAT',12,'헛짖음이 심함+2',9,'먼치킨','large','N','10/01/23');
Insert into LOCAL_JSNR.ANIMAL (ANIMAL_NO,ANIMAL_NAME,ANIMAL_GENDER,ANIMAL_KIND,ANIMAL_WEIGHT,ANIMAL_NOTE,MEMBER_NO,ANIMAL_TYPE,ANIMAL_SIZE,IS_NEUTER,BIRTH_DATE) values (8,'금쪽냥','F','CAT',12,'헛짖음이 심함+2',10,'소말리','medium','N','10/01/23');
Insert into LOCAL_JSNR.ANIMAL (ANIMAL_NO,ANIMAL_NAME,ANIMAL_GENDER,ANIMAL_KIND,ANIMAL_WEIGHT,ANIMAL_NOTE,MEMBER_NO,ANIMAL_TYPE,ANIMAL_SIZE,IS_NEUTER,BIRTH_DATE) values (9,'금쪽개','F','other',12,'헛짖음이 심함+2',5,'산토끼','small','Y','10/01/23');
REM INSERTING into LOCAL_JSNR.FAQ
SET DEFINE OFF;
Insert into LOCAL_JSNR.FAQ (FAQ_NO,FAQ_WRITER,FAQ_TITLE,FAQ_CONTENT,FAQ_CREATE_DATE,FAQ_STATUS) values (3,1,'FAQ제목','FAQ글내용',SYSDATE,'N');
Insert into LOCAL_JSNR.FAQ (FAQ_NO,FAQ_WRITER,FAQ_TITLE,FAQ_CONTENT,FAQ_CREATE_DATE,FAQ_STATUS) values (4,1,'자묻질2','자묻질2번',SYSDATE,'N');
Insert into LOCAL_JSNR.FAQ (FAQ_NO,FAQ_WRITER,FAQ_TITLE,FAQ_CONTENT,FAQ_CREATE_DATE,FAQ_STATUS) values (5,1,'자주묻는3','무엇이 궁금하오',SYSDATE,'N');
Insert into LOCAL_JSNR.FAQ (FAQ_NO,FAQ_WRITER,FAQ_TITLE,FAQ_CONTENT,FAQ_CREATE_DATE,FAQ_STATUS) values (6,1,'BEST4 자묻질','자주물어보시어요',SYSDATE,'N');
REM INSERTING into LOCAL_JSNR.IMAGE
SET DEFINE OFF;
Insert into LOCAL_JSNR.IMAGE (IMAGE_NO,RENAME_NAME,ORIGINAL_NAME,IMAGE_LEVEL) values (1,'RENAMENAMENAME','ORIGINALNAMENAMENAME',1);
Insert into LOCAL_JSNR.IMAGE (IMAGE_NO,RENAME_NAME,ORIGINAL_NAME,IMAGE_LEVEL) values (2,'RERERENAMENAME','ORORORORIGI',2);
Insert into LOCAL_JSNR.IMAGE (IMAGE_NO,RENAME_NAME,ORIGINAL_NAME,IMAGE_LEVEL) values (3,'RENAMRERENAMENAME','ORIGIORANGE',3);
REM INSERTING into LOCAL_JSNR.JIBSA
SET DEFINE OFF;
Insert into LOCAL_JSNR.JIBSA (MEMBER_NO,JIBSA_GENDER,JIBSA_RRN,IS_SMOKING,WORK_CAREER,AVAILABLE_HOUR,AVAILABLE_AREA,MOTIVE,EXPECTED_SALARY,CHAT_ADDRESS,IS_PRIMIUM,PRIMIUM_PAYMENT_DATE,PRIMIUM_END_DATE,IS_TRAINER) values (2,'F',900909,'N','제가 말입니다 제가 강아지들이랑 놀아온 햇수만 3개월이에요',to_timestamp('23/05/14 14:20:19.646000000','RR/MM/DD HH24:MI:SSXFF'),'서울이면 어디든 가능함미다','제가 강아지랑 노는걸 좋아해요',3000,'KAKAO.KH.JIBSANARA','Y',to_date('23/05/14','RR/MM/DD'),to_date('23/05/14','RR/MM/DD'),'Y');
Insert into LOCAL_JSNR.JIBSA (MEMBER_NO,JIBSA_GENDER,JIBSA_RRN,IS_SMOKING,WORK_CAREER,AVAILABLE_HOUR,AVAILABLE_AREA,MOTIVE,EXPECTED_SALARY,CHAT_ADDRESS,IS_PRIMIUM,PRIMIUM_PAYMENT_DATE,PRIMIUM_END_DATE,IS_TRAINER) values (3,'M',909,'N','제가 말입니다 제가 고냥이들이랑 놀아온 햇수만 2개월이에요',to_timestamp('23/05/14 14:20:19.650000000','RR/MM/DD HH24:MI:SSXFF'),'경기도 가능','고양이를 좋아합니다.',5000,'KAKAO.KH.JIBJIB','N',to_date('23/05/14','RR/MM/DD'),to_date('23/05/14','RR/MM/DD'),'N');
Insert into LOCAL_JSNR.JIBSA (MEMBER_NO,JIBSA_GENDER,JIBSA_RRN,IS_SMOKING,WORK_CAREER,AVAILABLE_HOUR,AVAILABLE_AREA,MOTIVE,EXPECTED_SALARY,CHAT_ADDRESS,IS_PRIMIUM,PRIMIUM_PAYMENT_DATE,PRIMIUM_END_DATE,IS_TRAINER) values (5,'F',800909,'N','제가 말입니다 강아지들이랑 놀아온 개월만 1개월이에요',to_timestamp('23/05/14 14:20:19.653000000','RR/MM/DD HH24:MI:SSXFF'),'미국까지 커버 가능','원해요 고양이 원해요 강아지',30000,'KAKAO.KH.SANARA','N',to_date('23/05/14','RR/MM/DD'),to_date('23/05/14','RR/MM/DD'),'N');
Insert into LOCAL_JSNR.JIBSA (MEMBER_NO,JIBSA_GENDER,JIBSA_RRN,IS_SMOKING,WORK_CAREER,AVAILABLE_HOUR,AVAILABLE_AREA,MOTIVE,EXPECTED_SALARY,CHAT_ADDRESS,IS_PRIMIUM,PRIMIUM_PAYMENT_DATE,PRIMIUM_END_DATE,IS_TRAINER) values (10,'F',800909,'N','제가 말입니다 강아지들이랑 놀아온 개월만 1개월이에요',to_timestamp('23/05/14 14:20:19.653000000','RR/MM/DD HH24:MI:SSXFF'),'미국까지 커버 가능','원해요 고양이 원해요 강아지',30000,'KAKAO.KH.SANARA','N',to_date('23/05/14','RR/MM/DD'),to_date('23/05/14','RR/MM/DD'),'N');
REM INSERTING into LOCAL_JSNR.JIBSA_PROFILE
SET DEFINE OFF;
Insert into LOCAL_JSNR.JIBSA_PROFILE (MEMBER_NO,JIBSA_NAME,PROFILE_TITLE,PROFILE_TAG,JIBSA_AVG_RATING) values (2,'정형돈','정형돈님의 프로필 제목','#항상_감사한_마음으로',1);
Insert into LOCAL_JSNR.JIBSA_PROFILE (MEMBER_NO,JIBSA_NAME,PROFILE_TITLE,PROFILE_TAG,JIBSA_AVG_RATING) values (3,'강형욱','세상에 나쁜 개는 없다','#강아지를_혼자두지마세요',3);
Insert into LOCAL_JSNR.JIBSA_PROFILE (MEMBER_NO,JIBSA_NAME,PROFILE_TITLE,PROFILE_TAG,JIBSA_AVG_RATING) values (5,'김집사','감사합니다','#저는_전문가_입니다',4);
Insert into LOCAL_JSNR.JIBSA_PROFILE (MEMBER_NO,JIBSA_NAME,PROFILE_TITLE,PROFILE_TAG,JIBSA_AVG_RATING) values (10,'오은영','금쪽개 금쪽냥 사랑해~!','#사랑하는_마음',2);
REM INSERTING into LOCAL_JSNR.MATCHING
SET DEFINE OFF;
Insert into LOCAL_JSNR.MATCHING (MATCHING_NO,ANIMAL_NO,MEMBER_NO,START_DATE,END_DATE,MATCHING_PLACE,REVIEW_CONTENT,REVIEW_RATING,REVIEW_COUNT,JIBSA_COMMENT,MATCHING_STATUS,REVIEW_STATUS) values (1,1,2,'2023-05-16_10:00','2023-05-16_18:00','강원도','정말 집사나라 최고예요~!',0,0,'감사합니다~!^_^',DEFAULT,DEFAULT);
Insert into LOCAL_JSNR.MATCHING (MATCHING_NO,ANIMAL_NO,MEMBER_NO,START_DATE,END_DATE,MATCHING_PLACE,REVIEW_CONTENT,REVIEW_RATING,REVIEW_COUNT,JIBSA_COMMENT,MATCHING_STATUS,REVIEW_STATUS) values (2,2,3,'2023-05-16_10:00','2023-05-16_18:00','서울','집사나라 덕분에 제주도 다녀왔어요',0,0,'저도 정말 좋았어요!!',DEFAULT,DEFAULT);
Insert into LOCAL_JSNR.MATCHING (MATCHING_NO,ANIMAL_NO,MEMBER_NO,START_DATE,END_DATE,MATCHING_PLACE,REVIEW_CONTENT,REVIEW_RATING,REVIEW_COUNT,JIBSA_COMMENT,MATCHING_STATUS,REVIEW_STATUS) values (3,3,5,'2023-05-10_13:00','2023-05-16_18:00','경기도 평택','재밌었어요 요즘 바빴는데 너무 도움이 됐어요\o/',5,30,'미돌이가 다했어요~!',DEFAULT,DEFAULT);
Insert into LOCAL_JSNR.MATCHING (MATCHING_NO,ANIMAL_NO,MEMBER_NO,START_DATE,END_DATE,MATCHING_PLACE,REVIEW_CONTENT,REVIEW_RATING,REVIEW_COUNT,JIBSA_COMMENT,MATCHING_STATUS,REVIEW_STATUS) values (4,4,2,'2023-05-13_14:00','2023-05-16_18:00','강원도','집?榮? 학원때문에 바빴는데 감사해요',5,30,'명이 덕분에 신났어요',DEFAULT,DEFAULT);
Insert into LOCAL_JSNR.MATCHING (MATCHING_NO,ANIMAL_NO,MEMBER_NO,START_DATE,END_DATE,MATCHING_PLACE,REVIEW_CONTENT,REVIEW_RATING,REVIEW_COUNT,JIBSA_COMMENT,MATCHING_STATUS,REVIEW_STATUS) values (5,5,2,'2023-05-16_10:00','2023-05-16_18:00','강원도','ㅎㅎ 두번째인데 후회안해요 너무 좋아요',5,30,'감사해요~!저두 즐거웠답니다~!',DEFAULT,DEFAULT);
Insert into LOCAL_JSNR.MATCHING (MATCHING_NO,ANIMAL_NO,MEMBER_NO,START_DATE,END_DATE,MATCHING_PLACE,REVIEW_CONTENT,REVIEW_RATING,REVIEW_COUNT,JIBSA_COMMENT,MATCHING_STATUS,REVIEW_STATUS) values (6,6,10,'2023-05-20_10:00','2023-05-16_18:00','경기도 수원','은영님 너무 친절해요.',5,30,'감사해요~! 우리 겸둥이 덕에 행복했어요~!',DEFAULT,DEFAULT);
Insert into LOCAL_JSNR.MATCHING (MATCHING_NO,ANIMAL_NO,MEMBER_NO,START_DATE,END_DATE,MATCHING_PLACE,REVIEW_CONTENT,REVIEW_RATING,REVIEW_COUNT,JIBSA_COMMENT,MATCHING_STATUS,REVIEW_STATUS) values (7,7,10,'2023-05-18_10:00','2023-05-16_18:00','경기도 광주','은영님 너무 친절해요2222.',5,30,'감사해요~! 샴이도 참 친절했답니다~!',DEFAULT,DEFAULT);
Insert into LOCAL_JSNR.MATCHING (MATCHING_NO,ANIMAL_NO,MEMBER_NO,START_DATE,END_DATE,MATCHING_PLACE,REVIEW_CONTENT,REVIEW_RATING,REVIEW_COUNT,JIBSA_COMMENT,MATCHING_STATUS,REVIEW_STATUS) values (8,9,2,'2023-05-16_13:00','2023-05-16_18:00','경기도 양주','저도 집사나라 집사지만 집사나라 덕분에 바쁜 스케쥴을 소화할 수 있었어요 감사해요~!',5,30,'헉!오은영씨군요~ 우리 금쪽개 너무 멋지고 착한 아이여서 저가 더 즐거웠어요!',DEFAULT,DEFAULT);
REM INSERTING into LOCAL_JSNR.MEMBER
SET DEFINE OFF;
Insert into LOCAL_JSNR.MEMBER (MEMBER_NO,MEMBER_ID,MEMBER_PWD,MEMBER_NAME,MEMBER_EMAIL,IS_ADMIN,IS_JIBSA,MEMBER_STATUS,ENROLL_DATE,EXIT_DATE,BLACKLIST,MEMBER_PHONE,MEMBER_ADDRESS) values (1,'KSD1','$2a$10$PlGfCr5dEKJoq/VQRWC7IuWYOE3XjEejJn6.gJUaaX7kyUhnDt3MK','김수대','rlatneorp@gmail.com','Y','N','Y',SYSDATE,null,0,'010-1234-5678','서울시');
Insert into LOCAL_JSNR.MEMBER (MEMBER_NO,MEMBER_ID,MEMBER_PWD,MEMBER_NAME,MEMBER_EMAIL,IS_ADMIN,IS_JIBSA,MEMBER_STATUS,ENROLL_DATE,EXIT_DATE,BLACKLIST,MEMBER_PHONE,MEMBER_ADDRESS) values (2,'KSD2','$2a$10$FDp7NvnIwUNoNHMRGYqxFuwAwQ7CCWGj1qYp.awsT4jbnIcIqDQeW','정형돈','rlatneorp@gmail.com','N','Y','Y',SYSDATE,null,0,'010-1334-5678','미국시');
Insert into LOCAL_JSNR.MEMBER (MEMBER_NO,MEMBER_ID,MEMBER_PWD,MEMBER_NAME,MEMBER_EMAIL,IS_ADMIN,IS_JIBSA,MEMBER_STATUS,ENROLL_DATE,EXIT_DATE,BLACKLIST,MEMBER_PHONE,MEMBER_ADDRESS) values (3,'KSD3','$2a$10$iglESc5hxoSG607Lix7voeK1i/Bkxywzu4zkwtPL6iTFuHdPU/H0q','강형욱','rlatneorp@gmail.com','N','Y','Y',SYSDATE,null,0,'010-5334-5678','일본시');
Insert into LOCAL_JSNR.MEMBER (MEMBER_NO,MEMBER_ID,MEMBER_PWD,MEMBER_NAME,MEMBER_EMAIL,IS_ADMIN,IS_JIBSA,MEMBER_STATUS,ENROLL_DATE,EXIT_DATE,BLACKLIST,MEMBER_PHONE,MEMBER_ADDRESS) values (4,'KSD4','$2a$10$FDp7NvnIwUNoNHMRGYqxFuwAwQ7CCWGj1qYp.awsT4jbnIcIqDQeW','장현지','rlatneorp@gmail.com','N','N','Y',SYSDATE,null,0,'010-2534-5678','중국시');
Insert into LOCAL_JSNR.MEMBER (MEMBER_NO,MEMBER_ID,MEMBER_PWD,MEMBER_NAME,MEMBER_EMAIL,IS_ADMIN,IS_JIBSA,MEMBER_STATUS,ENROLL_DATE,EXIT_DATE,BLACKLIST,MEMBER_PHONE,MEMBER_ADDRESS) values (5,'KSD5','1234','김집사','rlatneorp@gmail.com','N','Y','Y',SYSDATE,null,0,'010-9634-5678','평양시');
Insert into LOCAL_JSNR.MEMBER (MEMBER_NO,MEMBER_ID,MEMBER_PWD,MEMBER_NAME,MEMBER_EMAIL,IS_ADMIN,IS_JIBSA,MEMBER_STATUS,ENROLL_DATE,EXIT_DATE,BLACKLIST,MEMBER_PHONE,MEMBER_ADDRESS) values (6,'KSD6','1234','이환희','rlatneorp@gmail.com','N','N','Y',SYSDATE,null,0,'010-9623-5678','뉴욕시');
Insert into LOCAL_JSNR.MEMBER (MEMBER_NO,MEMBER_ID,MEMBER_PWD,MEMBER_NAME,MEMBER_EMAIL,IS_ADMIN,IS_JIBSA,MEMBER_STATUS,ENROLL_DATE,EXIT_DATE,BLACKLIST,MEMBER_PHONE,MEMBER_ADDRESS) values (7,'KSD7','1234','김명준','rlatneorp@gmail.com','N','N','Y',SYSDATE,null,0,'010-9654-5678','런던시');
Insert into LOCAL_JSNR.MEMBER (MEMBER_NO,MEMBER_ID,MEMBER_PWD,MEMBER_NAME,MEMBER_EMAIL,IS_ADMIN,IS_JIBSA,MEMBER_STATUS,ENROLL_DATE,EXIT_DATE,BLACKLIST,MEMBER_PHONE,MEMBER_ADDRESS) values (8,'KSD8','1234','신다온','rlatneorp@gmail.com','N','N','Y',SYSDATE,null,0,'010-9611-5678','도쿄시');
Insert into LOCAL_JSNR.MEMBER (MEMBER_NO,MEMBER_ID,MEMBER_PWD,MEMBER_NAME,MEMBER_EMAIL,IS_ADMIN,IS_JIBSA,MEMBER_STATUS,ENROLL_DATE,EXIT_DATE,BLACKLIST,MEMBER_PHONE,MEMBER_ADDRESS) values (9,'KSD9','$2a$10$FDp7NvnIwUNoNHMRGYqxFuwAwQ7CCWGj1qYp.awsT4jbnIcIqDQeW','김수일','rlatneorp@gmail.com','N','N','Y',SYSDATE,null,0,'010-1244-5638','홍콩시');
Insert into LOCAL_JSNR.MEMBER (MEMBER_NO,MEMBER_ID,MEMBER_PWD,MEMBER_NAME,MEMBER_EMAIL,IS_ADMIN,IS_JIBSA,MEMBER_STATUS,ENROLL_DATE,EXIT_DATE,BLACKLIST,MEMBER_PHONE,MEMBER_ADDRESS) values (10,'KSD10','1234','오은영','rlatneorp@gmail.com','N','Y','Y',SYSDATE,null,0,'010-9634-5678','평양시');
REM INSERTING into LOCAL_JSNR.QNA
SET DEFINE OFF;
Insert into LOCAL_JSNR.QNA (QNA_NO,MEMBER_NO,QNA_CATEGORY,QNA_TITLE,QNA_CONTENT,QUESTION_DATE,QNA_ANSWER,ANSWER_DATE,QNA_STATUS) values (1,2,'말머리','제목','글내용',to_date('23/05/14','RR/MM/DD'),'답변글',to_date('23/05/14','RR/MM/DD'),'N');
Insert into LOCAL_JSNR.QNA (QNA_NO,MEMBER_NO,QNA_CATEGORY,QNA_TITLE,QNA_CONTENT,QUESTION_DATE,QNA_ANSWER,ANSWER_DATE,QNA_STATUS) values (2,3,'말머리2','제목2','2글2내용',to_date('23/05/14','RR/MM/DD'),null,null,'N');
--------------------------------------------------------
--  DDL for Index SYS_C007541
--------------------------------------------------------

  CREATE UNIQUE INDEX "LOCAL_JSNR"."SYS_C007541" ON "LOCAL_JSNR"."MEMBER" ("MEMBER_NO") 
  PCTFREE 10 INITRANS 2 MAXTRANS 255 COMPUTE STATISTICS 
  STORAGE(INITIAL 65536 NEXT 1048576 MINEXTENTS 1 MAXEXTENTS 2147483645
  PCTINCREASE 0 FREELISTS 1 FREELIST GROUPS 1
  BUFFER_POOL DEFAULT FLASH_CACHE DEFAULT CELL_FLASH_CACHE DEFAULT)
  TABLESPACE "SYSTEM" ;
--------------------------------------------------------
--  DDL for Index SYS_C007542
--------------------------------------------------------

  CREATE UNIQUE INDEX "LOCAL_JSNR"."SYS_C007542" ON "LOCAL_JSNR"."MEMBER" ("MEMBER_ID") 
  PCTFREE 10 INITRANS 2 MAXTRANS 255 COMPUTE STATISTICS 
  STORAGE(INITIAL 65536 NEXT 1048576 MINEXTENTS 1 MAXEXTENTS 2147483645
  PCTINCREASE 0 FREELISTS 1 FREELIST GROUPS 1
  BUFFER_POOL DEFAULT FLASH_CACHE DEFAULT CELL_FLASH_CACHE DEFAULT)
  TABLESPACE "SYSTEM" ;
--------------------------------------------------------
--  DDL for Index SYS_C007553
--------------------------------------------------------

  CREATE UNIQUE INDEX "LOCAL_JSNR"."SYS_C007553" ON "LOCAL_JSNR"."JIBSA" ("MEMBER_NO") 
  PCTFREE 10 INITRANS 2 MAXTRANS 255 COMPUTE STATISTICS 
  STORAGE(INITIAL 65536 NEXT 1048576 MINEXTENTS 1 MAXEXTENTS 2147483645
  PCTINCREASE 0 FREELISTS 1 FREELIST GROUPS 1
  BUFFER_POOL DEFAULT FLASH_CACHE DEFAULT CELL_FLASH_CACHE DEFAULT)
  TABLESPACE "SYSTEM" ;
--------------------------------------------------------
--  DDL for Index SYS_C007558
--------------------------------------------------------

  CREATE UNIQUE INDEX "LOCAL_JSNR"."SYS_C007558" ON "LOCAL_JSNR"."JIBSA_PROFILE" ("MEMBER_NO") 
  PCTFREE 10 INITRANS 2 MAXTRANS 255 COMPUTE STATISTICS 
  STORAGE(INITIAL 65536 NEXT 1048576 MINEXTENTS 1 MAXEXTENTS 2147483645
  PCTINCREASE 0 FREELISTS 1 FREELIST GROUPS 1
  BUFFER_POOL DEFAULT FLASH_CACHE DEFAULT CELL_FLASH_CACHE DEFAULT)
  TABLESPACE "SYSTEM" ;
--------------------------------------------------------
--  DDL for Index SYS_C007565
--------------------------------------------------------

  CREATE UNIQUE INDEX "LOCAL_JSNR"."SYS_C007565" ON "LOCAL_JSNR"."ANIMAL" ("ANIMAL_NO") 
  PCTFREE 10 INITRANS 2 MAXTRANS 255 COMPUTE STATISTICS 
  STORAGE(INITIAL 65536 NEXT 1048576 MINEXTENTS 1 MAXEXTENTS 2147483645
  PCTINCREASE 0 FREELISTS 1 FREELIST GROUPS 1
  BUFFER_POOL DEFAULT FLASH_CACHE DEFAULT CELL_FLASH_CACHE DEFAULT)
  TABLESPACE "SYSTEM" ;
--------------------------------------------------------
--  DDL for Index SYS_C007574
--------------------------------------------------------

  CREATE UNIQUE INDEX "LOCAL_JSNR"."SYS_C007574" ON "LOCAL_JSNR"."MATCHING" ("MATCHING_NO") 
  PCTFREE 10 INITRANS 2 MAXTRANS 255 COMPUTE STATISTICS 
  STORAGE(INITIAL 65536 NEXT 1048576 MINEXTENTS 1 MAXEXTENTS 2147483645
  PCTINCREASE 0 FREELISTS 1 FREELIST GROUPS 1
  BUFFER_POOL DEFAULT FLASH_CACHE DEFAULT CELL_FLASH_CACHE DEFAULT)
  TABLESPACE "SYSTEM" ;
--------------------------------------------------------
--  DDL for Index SYS_C007580
--------------------------------------------------------

  CREATE UNIQUE INDEX "LOCAL_JSNR"."SYS_C007580" ON "LOCAL_JSNR"."IMAGE" ("IMAGE_NO") 
  PCTFREE 10 INITRANS 2 MAXTRANS 255 COMPUTE STATISTICS 
  STORAGE(INITIAL 65536 NEXT 1048576 MINEXTENTS 1 MAXEXTENTS 2147483645
  PCTINCREASE 0 FREELISTS 1 FREELIST GROUPS 1
  BUFFER_POOL DEFAULT FLASH_CACHE DEFAULT CELL_FLASH_CACHE DEFAULT)
  TABLESPACE "SYSTEM" ;
--------------------------------------------------------
--  DDL for Index SYS_C007587
--------------------------------------------------------

  CREATE UNIQUE INDEX "LOCAL_JSNR"."SYS_C007587" ON "LOCAL_JSNR"."QNA" ("QNA_NO") 
  PCTFREE 10 INITRANS 2 MAXTRANS 255 COMPUTE STATISTICS 
  STORAGE(INITIAL 65536 NEXT 1048576 MINEXTENTS 1 MAXEXTENTS 2147483645
  PCTINCREASE 0 FREELISTS 1 FREELIST GROUPS 1
  BUFFER_POOL DEFAULT FLASH_CACHE DEFAULT CELL_FLASH_CACHE DEFAULT)
  TABLESPACE "SYSTEM" ;
--------------------------------------------------------
--  DDL for Index SYS_C007592
--------------------------------------------------------

  CREATE UNIQUE INDEX "LOCAL_JSNR"."SYS_C007592" ON "LOCAL_JSNR"."FAQ" ("FAQ_NO") 
  PCTFREE 10 INITRANS 2 MAXTRANS 255 COMPUTE STATISTICS 
  STORAGE(INITIAL 65536 NEXT 1048576 MINEXTENTS 1 MAXEXTENTS 2147483645
  PCTINCREASE 0 FREELISTS 1 FREELIST GROUPS 1
  BUFFER_POOL DEFAULT FLASH_CACHE DEFAULT CELL_FLASH_CACHE DEFAULT)
  TABLESPACE "SYSTEM" ;
--------------------------------------------------------
--  Constraints for Table ANIMAL
--------------------------------------------------------

  ALTER TABLE "LOCAL_JSNR"."ANIMAL" MODIFY ("ANIMAL_NAME" NOT NULL ENABLE);
  ALTER TABLE "LOCAL_JSNR"."ANIMAL" MODIFY ("ANIMAL_GENDER" NOT NULL ENABLE);
  ALTER TABLE "LOCAL_JSNR"."ANIMAL" MODIFY ("ANIMAL_KIND" NOT NULL ENABLE);
  ALTER TABLE "LOCAL_JSNR"."ANIMAL" MODIFY ("ANIMAL_WEIGHT" NOT NULL ENABLE);
  ALTER TABLE "LOCAL_JSNR"."ANIMAL" MODIFY ("MEMBER_NO" NOT NULL ENABLE);
  ALTER TABLE "LOCAL_JSNR"."ANIMAL" ADD PRIMARY KEY ("ANIMAL_NO")
  USING INDEX PCTFREE 10 INITRANS 2 MAXTRANS 255 COMPUTE STATISTICS 
  STORAGE(INITIAL 65536 NEXT 1048576 MINEXTENTS 1 MAXEXTENTS 2147483645
  PCTINCREASE 0 FREELISTS 1 FREELIST GROUPS 1
  BUFFER_POOL DEFAULT FLASH_CACHE DEFAULT CELL_FLASH_CACHE DEFAULT)
  TABLESPACE "SYSTEM"  ENABLE;
--------------------------------------------------------
--  Constraints for Table FAQ
--------------------------------------------------------

  ALTER TABLE "LOCAL_JSNR"."FAQ" MODIFY ("FAQ_WRITER" NOT NULL ENABLE);
  ALTER TABLE "LOCAL_JSNR"."FAQ" MODIFY ("FAQ_TITLE" NOT NULL ENABLE);
  ALTER TABLE "LOCAL_JSNR"."FAQ" MODIFY ("FAQ_CONTENT" NOT NULL ENABLE);
  ALTER TABLE "LOCAL_JSNR"."FAQ" MODIFY ("FAQ_STATUS" NOT NULL ENABLE);
  ALTER TABLE "LOCAL_JSNR"."FAQ" ADD PRIMARY KEY ("FAQ_NO")
  USING INDEX PCTFREE 10 INITRANS 2 MAXTRANS 255 COMPUTE STATISTICS 
  STORAGE(INITIAL 65536 NEXT 1048576 MINEXTENTS 1 MAXEXTENTS 2147483645
  PCTINCREASE 0 FREELISTS 1 FREELIST GROUPS 1
  BUFFER_POOL DEFAULT FLASH_CACHE DEFAULT CELL_FLASH_CACHE DEFAULT)
  TABLESPACE "SYSTEM"  ENABLE;
--------------------------------------------------------
--  Constraints for Table IMAGE
--------------------------------------------------------

  ALTER TABLE "LOCAL_JSNR"."IMAGE" MODIFY ("RENAME_NAME" NOT NULL ENABLE);
  ALTER TABLE "LOCAL_JSNR"."IMAGE" MODIFY ("ORIGINAL_NAME" NOT NULL ENABLE);
  ALTER TABLE "LOCAL_JSNR"."IMAGE" MODIFY ("IMAGE_LEVEL" NOT NULL ENABLE);
  ALTER TABLE "LOCAL_JSNR"."IMAGE" ADD PRIMARY KEY ("IMAGE_NO")
  USING INDEX PCTFREE 10 INITRANS 2 MAXTRANS 255 COMPUTE STATISTICS 
  STORAGE(INITIAL 65536 NEXT 1048576 MINEXTENTS 1 MAXEXTENTS 2147483645
  PCTINCREASE 0 FREELISTS 1 FREELIST GROUPS 1
  BUFFER_POOL DEFAULT FLASH_CACHE DEFAULT CELL_FLASH_CACHE DEFAULT)
  TABLESPACE "SYSTEM"  ENABLE;
--------------------------------------------------------
--  Constraints for Table JIBSA
--------------------------------------------------------

  ALTER TABLE "LOCAL_JSNR"."JIBSA" MODIFY ("JIBSA_GENDER" NOT NULL ENABLE);
  ALTER TABLE "LOCAL_JSNR"."JIBSA" MODIFY ("JIBSA_RRN" NOT NULL ENABLE);
  ALTER TABLE "LOCAL_JSNR"."JIBSA" MODIFY ("IS_SMOKING" NOT NULL ENABLE);
  ALTER TABLE "LOCAL_JSNR"."JIBSA" MODIFY ("AVAILABLE_HOUR" NOT NULL ENABLE);
  ALTER TABLE "LOCAL_JSNR"."JIBSA" MODIFY ("AVAILABLE_AREA" NOT NULL ENABLE);
  ALTER TABLE "LOCAL_JSNR"."JIBSA" MODIFY ("MOTIVE" NOT NULL ENABLE);
  ALTER TABLE "LOCAL_JSNR"."JIBSA" MODIFY ("EXPECTED_SALARY" NOT NULL ENABLE);
  ALTER TABLE "LOCAL_JSNR"."JIBSA" MODIFY ("CHAT_ADDRESS" NOT NULL ENABLE);
  ALTER TABLE "LOCAL_JSNR"."JIBSA" MODIFY ("IS_PRIMIUM" NOT NULL ENABLE);
  ALTER TABLE "LOCAL_JSNR"."JIBSA" MODIFY ("IS_TRAINER" NOT NULL ENABLE);
  ALTER TABLE "LOCAL_JSNR"."JIBSA" ADD PRIMARY KEY ("MEMBER_NO")
  USING INDEX PCTFREE 10 INITRANS 2 MAXTRANS 255 COMPUTE STATISTICS 
  STORAGE(INITIAL 65536 NEXT 1048576 MINEXTENTS 1 MAXEXTENTS 2147483645
  PCTINCREASE 0 FREELISTS 1 FREELIST GROUPS 1
  BUFFER_POOL DEFAULT FLASH_CACHE DEFAULT CELL_FLASH_CACHE DEFAULT)
  TABLESPACE "SYSTEM"  ENABLE;
--------------------------------------------------------
--  Constraints for Table JIBSA_PROFILE
--------------------------------------------------------

  ALTER TABLE "LOCAL_JSNR"."JIBSA_PROFILE" MODIFY ("JIBSA_NAME" NOT NULL ENABLE);
  ALTER TABLE "LOCAL_JSNR"."JIBSA_PROFILE" MODIFY ("PROFILE_TITLE" NOT NULL ENABLE);
  ALTER TABLE "LOCAL_JSNR"."JIBSA_PROFILE" MODIFY ("PROFILE_TAG" NOT NULL ENABLE);
  ALTER TABLE "LOCAL_JSNR"."JIBSA_PROFILE" ADD PRIMARY KEY ("MEMBER_NO")
  USING INDEX PCTFREE 10 INITRANS 2 MAXTRANS 255 COMPUTE STATISTICS 
  STORAGE(INITIAL 65536 NEXT 1048576 MINEXTENTS 1 MAXEXTENTS 2147483645
  PCTINCREASE 0 FREELISTS 1 FREELIST GROUPS 1
  BUFFER_POOL DEFAULT FLASH_CACHE DEFAULT CELL_FLASH_CACHE DEFAULT)
  TABLESPACE "SYSTEM"  ENABLE;
--------------------------------------------------------
--  Constraints for Table MATCHING
--------------------------------------------------------

  ALTER TABLE "LOCAL_JSNR"."MATCHING" MODIFY ("ANIMAL_NO" NOT NULL ENABLE);
  ALTER TABLE "LOCAL_JSNR"."MATCHING" MODIFY ("MEMBER_NO" NOT NULL ENABLE);
  ALTER TABLE "LOCAL_JSNR"."MATCHING" MODIFY ("START_DATE" NOT NULL ENABLE);
  ALTER TABLE "LOCAL_JSNR"."MATCHING" MODIFY ("END_DATE" NOT NULL ENABLE);
  ALTER TABLE "LOCAL_JSNR"."MATCHING" MODIFY ("MATCHING_PLACE" NOT NULL ENABLE);
  ALTER TABLE "LOCAL_JSNR"."MATCHING" MODIFY ("REVIEW_RATING" NOT NULL ENABLE);
  ALTER TABLE "LOCAL_JSNR"."MATCHING" MODIFY ("REVIEW_COUNT" NOT NULL ENABLE);
  ALTER TABLE "LOCAL_JSNR"."MATCHING" ADD PRIMARY KEY ("MATCHING_NO")
  USING INDEX PCTFREE 10 INITRANS 2 MAXTRANS 255 COMPUTE STATISTICS 
  STORAGE(INITIAL 65536 NEXT 1048576 MINEXTENTS 1 MAXEXTENTS 2147483645
  PCTINCREASE 0 FREELISTS 1 FREELIST GROUPS 1
  BUFFER_POOL DEFAULT FLASH_CACHE DEFAULT CELL_FLASH_CACHE DEFAULT)
  TABLESPACE "SYSTEM"  ENABLE;
--------------------------------------------------------
--  Constraints for Table MEMBER
--------------------------------------------------------

  ALTER TABLE "LOCAL_JSNR"."MEMBER" MODIFY ("MEMBER_ID" NOT NULL ENABLE);
  ALTER TABLE "LOCAL_JSNR"."MEMBER" MODIFY ("MEMBER_PWD" NOT NULL ENABLE);
  ALTER TABLE "LOCAL_JSNR"."MEMBER" MODIFY ("MEMBER_NAME" NOT NULL ENABLE);
  ALTER TABLE "LOCAL_JSNR"."MEMBER" MODIFY ("MEMBER_EMAIL" NOT NULL ENABLE);
  ALTER TABLE "LOCAL_JSNR"."MEMBER" MODIFY ("IS_ADMIN" NOT NULL ENABLE);
  ALTER TABLE "LOCAL_JSNR"."MEMBER" MODIFY ("IS_JIBSA" NOT NULL ENABLE);
  ALTER TABLE "LOCAL_JSNR"."MEMBER" MODIFY ("MEMBER_STATUS" NOT NULL ENABLE);
  ALTER TABLE "LOCAL_JSNR"."MEMBER" MODIFY ("BLACKLIST" NOT NULL ENABLE);
  ALTER TABLE "LOCAL_JSNR"."MEMBER" MODIFY ("MEMBER_PHONE" NOT NULL ENABLE);
  ALTER TABLE "LOCAL_JSNR"."MEMBER" MODIFY ("MEMBER_ADDRESS" NOT NULL ENABLE);
  ALTER TABLE "LOCAL_JSNR"."MEMBER" ADD PRIMARY KEY ("MEMBER_NO")
  USING INDEX PCTFREE 10 INITRANS 2 MAXTRANS 255 COMPUTE STATISTICS 
  STORAGE(INITIAL 65536 NEXT 1048576 MINEXTENTS 1 MAXEXTENTS 2147483645
  PCTINCREASE 0 FREELISTS 1 FREELIST GROUPS 1
  BUFFER_POOL DEFAULT FLASH_CACHE DEFAULT CELL_FLASH_CACHE DEFAULT)
  TABLESPACE "SYSTEM"  ENABLE;
  ALTER TABLE "LOCAL_JSNR"."MEMBER" ADD UNIQUE ("MEMBER_ID")
  USING INDEX PCTFREE 10 INITRANS 2 MAXTRANS 255 COMPUTE STATISTICS 
  STORAGE(INITIAL 65536 NEXT 1048576 MINEXTENTS 1 MAXEXTENTS 2147483645
  PCTINCREASE 0 FREELISTS 1 FREELIST GROUPS 1
  BUFFER_POOL DEFAULT FLASH_CACHE DEFAULT CELL_FLASH_CACHE DEFAULT)
  TABLESPACE "SYSTEM"  ENABLE;
--------------------------------------------------------
--  Constraints for Table QNA
--------------------------------------------------------

  ALTER TABLE "LOCAL_JSNR"."QNA" MODIFY ("MEMBER_NO" NOT NULL ENABLE);
  ALTER TABLE "LOCAL_JSNR"."QNA" MODIFY ("QNA_CATEGORY" NOT NULL ENABLE);
  ALTER TABLE "LOCAL_JSNR"."QNA" MODIFY ("QNA_TITLE" NOT NULL ENABLE);
  ALTER TABLE "LOCAL_JSNR"."QNA" MODIFY ("QNA_CONTENT" NOT NULL ENABLE);
  ALTER TABLE "LOCAL_JSNR"."QNA" MODIFY ("QUESTION_DATE" NOT NULL ENABLE);
  ALTER TABLE "LOCAL_JSNR"."QNA" MODIFY ("QNA_STATUS" NOT NULL ENABLE);
  ALTER TABLE "LOCAL_JSNR"."QNA" ADD PRIMARY KEY ("QNA_NO")
  USING INDEX PCTFREE 10 INITRANS 2 MAXTRANS 255 COMPUTE STATISTICS 
  STORAGE(INITIAL 65536 NEXT 1048576 MINEXTENTS 1 MAXEXTENTS 2147483645
  PCTINCREASE 0 FREELISTS 1 FREELIST GROUPS 1
  BUFFER_POOL DEFAULT FLASH_CACHE DEFAULT CELL_FLASH_CACHE DEFAULT)
  TABLESPACE "SYSTEM"  ENABLE;
--------------------------------------------------------
--  Ref Constraints for Table ANIMAL
--------------------------------------------------------

  ALTER TABLE "LOCAL_JSNR"."ANIMAL" ADD FOREIGN KEY ("MEMBER_NO")
	  REFERENCES "LOCAL_JSNR"."MEMBER" ("MEMBER_NO") ENABLE;
--------------------------------------------------------
--  Ref Constraints for Table JIBSA
--------------------------------------------------------

  ALTER TABLE "LOCAL_JSNR"."JIBSA" ADD FOREIGN KEY ("MEMBER_NO")
	  REFERENCES "LOCAL_JSNR"."MEMBER" ("MEMBER_NO") ENABLE;
--------------------------------------------------------
--  Ref Constraints for Table JIBSA_PROFILE
--------------------------------------------------------

  ALTER TABLE "LOCAL_JSNR"."JIBSA_PROFILE" ADD FOREIGN KEY ("MEMBER_NO")
	  REFERENCES "LOCAL_JSNR"."MEMBER" ("MEMBER_NO") ENABLE;
--------------------------------------------------------
--  Ref Constraints for Table MATCHING
--------------------------------------------------------

  ALTER TABLE "LOCAL_JSNR"."MATCHING" ADD FOREIGN KEY ("ANIMAL_NO")
	  REFERENCES "LOCAL_JSNR"."ANIMAL" ("ANIMAL_NO") ENABLE;
  ALTER TABLE "LOCAL_JSNR"."MATCHING" ADD FOREIGN KEY ("MEMBER_NO")
	  REFERENCES "LOCAL_JSNR"."MEMBER" ("MEMBER_NO") ENABLE;
--------------------------------------------------------
--  Ref Constraints for Table QNA
--------------------------------------------------------

  ALTER TABLE "LOCAL_JSNR"."QNA" ADD FOREIGN KEY ("MEMBER_NO")
	  REFERENCES "LOCAL_JSNR"."MEMBER" ("MEMBER_NO") ENABLE;
--------------------------------------------------------
--  Ref Constraints for Table FAQ
--------------------------------------------------------

  ALTER TABLE "LOCAL_JSNR"."FAQ" ADD FOREIGN KEY ("FAQ_WRITER")
	  REFERENCES "LOCAL_JSNR"."MEMBER" ("MEMBER_NO") ENABLE;

commit;